<?xml version="1.0" encoding="UTF-8" ?>
<!DOCTYPE log4j:configuration SYSTEM "log4j.dtd">
<log4j:configuration xmlns:log4j='http://jakarta.apache.org/log4j/'>

	<appender name="CA" class="org.apache.log4j.ConsoleAppender">
		<param name="Threshold" value="DEBUG"/>
		<layout class="org.apache.log4j.PatternLayout">
			<param name="ConversionPattern" value="%-5p  %-4r [%t] %c{1}: %m%n" />
		</layout>
	</appender>
	<root>
		<level value="INFO" />
		<appender-ref ref="CA" />
	</root>
</log4j:configuration>